Service,15,16,17,18,19,20,21,22,23,24,25,26,27,28,29,30,31,32,33,34,35,36,37,38,39,40,41,42,43,44,45,46,47,48,49,50,51,52,53,54,55,56,57,58,59,60,61,62,63,64,65,66,67,68,69,70,71,72,73,74,75,76,77,78,79
0,0.17,0.17,0.17,0.17,0.17,0.17,0.17,0.17,0.17,0.17,0.17,0.17,0.17,0.17,0.17,0.17,0.17,0.17,0.17,0.17,0.17,0.17,0.17,0.17,0.17,0.17,0.17,0.17,0.17,0.17,0.17,0.17,0.17,0.17,0.17,0.17,0.17,0.17,0.17,0.17,0.17,0.17,0.17,0.17,0.17,0.17,0.17,0.17,0.17,0.17,0.17,0.17,0.17,0.17,0.17,0.17,0.17,0.17,0.17,0.17,0.17,0.17,0.17,0.17,0.17
1,0.11,0.11,0.11,0.11,0.11,0.11,0.11,0.11,0.11,0.11,0.11,0.11,0.11,0.11,0.11,0.11,0.11,0.11,0.11,0.11,0.11,0.11,0.11,0.11,0.11,0.11,0.11,0.11,0.11,0.11,0.11,0.11,0.11,0.11,0.11,0.11,0.11,0.11,0.11,0.11,0.11,0.11,0.11,0.11,0.11,0.11,0.11,0.11,0.11,0.11,0.11,0.11,0.11,0.11,0.11,0.11,0.11,0.11,0.11,0.11,0.11,0.11,0.11,0.11,0.11
2,0.07,0.07,0.07,0.07,0.07,0.07,0.07,0.07,0.07,0.07,0.07,0.07,0.07,0.07,0.07,0.07,0.07,0.07,0.07,0.07,0.07,0.07,0.07,0.07,0.07,0.07,0.07,0.07,0.07,0.07,0.07,0.07,0.07,0.07,0.07,0.07,0.07,0.07,0.07,0.07,0.07,0.07,0.07,0.07,0.07,0.07,0.07,0.07,0.07,0.07,0.07,0.07,0.07,0.07,0.07,0.07,0.07,0.07,0.07,0.07,0.07,0.07,0.07,0.07,0.07
3,0.058,0.058,0.058,0.058,0.058,0.058,0.058,0.058,0.058,0.058,0.058,0.058,0.058,0.058,0.058,0.058,0.058,0.058,0.058,0.058,0.058,0.058,0.058,0.058,0.058,0.058,0.058,0.058,0.058,0.058,0.058,0.058,0.058,0.058,0.058,0.058,0.058,0.058,0.058,0.058,0.058,0.058,0.058,0.058,0.058,0.058,0.058,0.058,0.058,0.058,0.058,0.058,0.058,0.058,0.058,0.058,0.058,0.058,0.058,0.058,0.058,0.058,0.058,0.058,0.058
4,0.04726,0.04726,0.04726,0.04726,0.04726,0.04726,0.04726,0.04726,0.04726,0.04726,0.04726,0.04726,0.04726,0.04726,0.04726,0.04726,0.04726,0.04726,0.04726,0.04726,0.04726,0.04726,0.04726,0.04726,0.04726,0.04726,0.04726,0.04726,0.04726,0.04726,0.04726,0.04726,0.04726,0.04726,0.04726,0.04726,0.04726,0.04726,0.04726,0.04726,0.04726,0.04726,0.04726,0.04726,0.04726,0.04726,0.04726,0.04726,0.04726,0.04726,0.04726,0.04726,0.04726,0.04726,0.04726,0.04726,0.04726,0.04726,0.04726,0.04726,0.04726,0.04726,0.04726,0.04726,0.04726
5,0.03723,0.03723,0.03723,0.03723,0.03723,0.03723,0.03723,0.03723,0.03723,0.03723,0.03723,0.03723,0.03723,0.03723,0.03723,0.03723,0.03723,0.03723,0.03723,0.03723,0.03723,0.03723,0.03723,0.03723,0.03723,0.03723,0.03723,0.03723,0.03723,0.03723,0.03723,0.03723,0.03723,0.03723,0.03723,0.03723,0.03723,0.03723,0.03723,0.03723,0.03723,0.03723,0.03723,0.03723,0.03723,0.03723,0.03723,0.03723,0.03723,0.03723,0.03723,0.03723,0.03723,0.03723,0.03723,0.03723,0.03723,0.03723,0.03723,0.03723,0.03723,0.03723,0.03723,0.03723,0.03723
6,0.02934,0.02934,0.02934,0.02934,0.02934,0.02934,0.02934,0.02934,0.02934,0.02934,0.02934,0.02934,0.02934,0.02934,0.02934,0.02934,0.02934,0.02934,0.02934,0.02934,0.02934,0.02934,0.02934,0.02934,0.02934,0.02934,0.02934,0.02934,0.02934,0.02934,0.02934,0.02934,0.02934,0.02934,0.02934,0.02934,0.02934,0.02934,0.02934,0.02934,0.02934,0.02934,0.02934,0.02934,0.02934,0.02934,0.02934,0.02934,0.02934,0.02934,0.02934,0.02934,0.02934,0.02934,0.02934,0.02934,0.02934,0.02934,0.02934,0.02934,0.02934,0.02934,0.02934,0.02934,0.02934
7,0.02311,0.02311,0.02311,0.02311,0.02311,0.02311,0.02311,0.02311,0.02311,0.02311,0.02311,0.02311,0.02311,0.02311,0.02311,0.02311,0.02311,0.02311,0.02311,0.02311,0.02311,0.02311,0.02311,0.02311,0.02311,0.02311,0.02311,0.02311,0.02311,0.02311,0.02311,0.02311,0.02311,0.02311,0.02311,0.02311,0.02311,0.02311,0.02311,0.02311,0.02311,0.02311,0.02311,0.02311,0.02311,0.02311,0.02311,0.02311,0.02311,0.02311,0.02311,0.02311,0.02311,0.02311,0.02311,0.02311,0.02311,0.02311,0.02311,0.02311,0.02311,0.02311,0.02311,0.02311,0.02311
8,0.01821,0.01821,0.01821,0.01821,0.01821,0.01821,0.01821,0.01821,0.01821,0.01821,0.01821,0.01821,0.01821,0.01821,0.01821,0.01821,0.01821,0.01821,0.01821,0.01821,0.01821,0.01821,0.01821,0.01821,0.01821,0.01821,0.01821,0.01821,0.01821,0.01821,0.01821,0.01821,0.01821,0.01821,0.01821,0.01821,0.01821,0.01821,0.01821,0.01821,0.01821,0.01821,0.01821,0.01821,0.01821,0.01821,0.01821,0.01821,0.01821,0.01821,0.01821,0.01821,0.01821,0.01821,0.01821,0.01821,0.01821,0.01821,0.01821,0.01821,0.01821,0.01821,0.01821,0.01821,0.01821
9,0.01691,0.01691,0.01691,0.01691,0.01691,0.01691,0.01691,0.01691,0.01691,0.01691,0.01691,0.01691,0.01691,0.01691,0.01691,0.01691,0.01691,0.01691,0.01691,0.01691,0.01691,0.01691,0.01691,0.01691,0.01691,0.01691,0.01691,0.01691,0.01691,0.01691,0.01691,0.01691,0.01691,0.01691,0.01691,0.01691,0.01691,0.01691,0.01691,0.01691,0.01691,0.01691,0.01691,0.01691,0.01691,0.01691,0.01691,0.01691,0.01691,0.01691,0.01691,0.01691,0.01691,0.01691,0.01691,0.01691,0.01691,0.01691,0.01691,0.01691,0.01691,0.01691,0.01691,0.01691,0.01691
10,0.01647,0.01647,0.01647,0.01647,0.01647,0.01647,0.01647,0.01647,0.01647,0.01647,0.01647,0.01647,0.01647,0.01647,0.01647,0.01647,0.01647,0.01647,0.01647,0.01647,0.01647,0.01647,0.01647,0.01647,0.01647,0.01647,0.01647,0.01647,0.01647,0.01647,0.01647,0.01647,0.01647,0.01647,0.01647,0.01647,0.01647,0.01647,0.01647,0.01647,0.01647,0.01647,0.01647,0.01647,0.01647,0.01647,0.01647,0.01647,0.01647,0.01647,0.01647,0.01647,0.01647,0.01647,0.01647,0.01647,0.01647,0.01647,0.01647,0.01647,0.01647,0.01647,0.01647,0.01647,0.01647
11,0.01604,0.01604,0.01604,0.01604,0.01604,0.01604,0.01604,0.01604,0.01604,0.01604,0.01604,0.01604,0.01604,0.01604,0.01604,0.01604,0.01604,0.01604,0.01604,0.01604,0.01604,0.01604,0.01604,0.01604,0.01604,0.01604,0.01604,0.01604,0.01604,0.01604,0.01604,0.01604,0.01604,0.01604,0.01604,0.01604,0.01604,0.01604,0.01604,0.01604,0.01604,0.01604,0.01604,0.01604,0.01604,0.01604,0.01604,0.01604,0.01604,0.01604,0.01604,0.01604,0.01604,0.01604,0.01604,0.01604,0.01604,0.01604,0.01604,0.01604,0.01604,0.01604,0.01604,0.01604,0.01604
12,0.01562,0.01562,0.01562,0.01562,0.01562,0.01562,0.01562,0.01562,0.01562,0.01562,0.01562,0.01562,0.01562,0.01562,0.01562,0.01562,0.01562,0.01562,0.01562,0.01562,0.01562,0.01562,0.01562,0.01562,0.01562,0.01562,0.01562,0.01562,0.01562,0.01562,0.01562,0.01562,0.01562,0.01562,0.01562,0.01562,0.01562,0.01562,0.01562,0.01562,0.01562,0.01562,0.01562,0.01562,0.01562,0.01562,0.01562,0.01562,0.01562,0.01562,0.01562,0.01562,0.01562,0.01562,0.01562,0.01562,0.01562,0.01562,0.01562,0.01562,0.01562,0.01562,0.01562,0.01562,0.01562
13,0.01521,0.01521,0.01521,0.01521,0.01521,0.01521,0.01521,0.01521,0.01521,0.01521,0.01521,0.01521,0.01521,0.01521,0.01521,0.01521,0.01521,0.01521,0.01521,0.01521,0.01521,0.01521,0.01521,0.01521,0.01521,0.01521,0.01521,0.01521,0.01521,0.01521,0.01521,0.01521,0.01521,0.01521,0.01521,0.01521,0.01521,0.01521,0.01521,0.01521,0.01521,0.01521,0.01521,0.01521,0.01521,0.01521,0.01521,0.01521,0.01521,0.01521,0.01521,0.01521,0.01521,0.01521,0.01521,0.01521,0.01521,0.01521,0.01521,0.01521,0.01521,0.01521,0.01521,0.01521,0.01521
14,0.01482,0.01482,0.01482,0.01482,0.01482,0.01482,0.01482,0.01482,0.01482,0.01482,0.01482,0.01482,0.01482,0.01482,0.01482,0.01482,0.01482,0.01482,0.01482,0.01482,0.01482,0.01482,0.01482,0.01482,0.01482,0.01482,0.01482,0.01482,0.01482,0.01482,0.01482,0.01482,0.01482,0.01482,0.01482,0.01482,0.01482,0.01482,0.01482,0.01482,0.01482,0.01482,0.01482,0.01482,0.01482,0.01482,0.01482,0.01482,0.01482,0.01482,0.01482,0.01482,0.01482,0.01482,0.01482,0.01482,0.01482,0.01482,0.01482,0.01482,0.01482,0.01482,0.01482,0.01482,0.01482
15,0.01443,0.01443,0.01443,0.01443,0.01443,0.01443,0.01443,0.01443,0.01443,0.01443,0.01443,0.01443,0.01443,0.01443,0.01443,0.01443,0.01443,0.01443,0.01443,0.01443,0.01443,0.01443,0.01443,0.01443,0.01443,0.01443,0.01443,0.01443,0.01443,0.01443,0.01443,0.01443,0.01443,0.01443,0.01443,0.01443,0.01443,0.01443,0.01443,0.01443,0.01443,0.01443,0.01443,0.01443,0.01443,0.01443,0.01443,0.01443,0.01443,0.01443,0.01443,0.01443,0.01443,0.01443,0.01443,0.01443,0.01443,0.01443,0.01443,0.01443,0.01443,0.01443,0.01443,0.01443,0.01443
16,0.01406,0.01406,0.01406,0.01406,0.01406,0.01406,0.01406,0.01406,0.01406,0.01406,0.01406,0.01406,0.01406,0.01406,0.01406,0.01406,0.01406,0.01406,0.01406,0.01406,0.01406,0.01406,0.01406,0.01406,0.01406,0.01406,0.01406,0.01406,0.01406,0.01406,0.01406,0.01406,0.01406,0.01406,0.01406,0.01406,0.01406,0.01406,0.01406,0.01406,0.01406,0.01406,0.01406,0.01406,0.01406,0.01406,0.01406,0.01406,0.01406,0.01406,0.01406,0.01406,0.01406,0.01406,0.01406,0.01406,0.01406,0.01406,0.01406,0.01406,0.01406,0.01406,0.01406,0.01406,0.01406
17,0.01369,0.01369,0.01369,0.01369,0.01369,0.01369,0.01369,0.01369,0.01369,0.01369,0.01369,0.01369,0.01369,0.01369,0.01369,0.01369,0.01369,0.01369,0.01369,0.01369,0.01369,0.01369,0.01369,0.01369,0.01369,0.01369,0.01369,0.01369,0.01369,0.01369,0.01369,0.01369,0.01369,0.01369,0.01369,0.01369,0.01369,0.01369,0.01369,0.01369,0.01369,0.01369,0.01369,0.01369,0.01369,0.01369,0.01369,0.01369,0.01369,0.01369,0.01369,0.01369,0.01369,0.01369,0.01369,0.01369,0.01369,0.01369,0.01369,0.01369,0.01369,0.01369,0.01369,0.01369,0.01369
18,0.01333,0.01333,0.01333,0.01333,0.01333,0.01333,0.01333,0.01333,0.01333,0.01333,0.01333,0.01333,0.01333,0.01333,0.01333,0.01333,0.01333,0.01333,0.01333,0.01333,0.01333,0.01333,0.01333,0.01333,0.01333,0.01333,0.01333,0.01333,0.01333,0.01333,0.01333,0.01333,0.01333,0.01333,0.01333,0.01333,0.01333,0.01333,0.01333,0.01333,0.01333,0.01333,0.01333,0.01333,0.01333,0.01333,0.01333,0.01333,0.01333,0.01333,0.01333,0.01333,0.01333,0.01333,0.01333,0.01333,0.01333,0.01333,0.01333,0.01333,0.01333,0.01333,0.01333,0.01333,0.01333
19,0.01299,0.01299,0.01299,0.01299,0.01299,0.01299,0.01299,0.01299,0.01299,0.01299,0.01299,0.01299,0.01299,0.01299,0.01299,0.01299,0.01299,0.01299,0.01299,0.01299,0.01299,0.01299,0.01299,0.01299,0.01299,0.01299,0.01299,0.01299,0.01299,0.01299,0.01299,0.01299,0.01299,0.01299,0.01299,0.01299,0.01299,0.01299,0.01299,0.01299,0.01299,0.01299,0.01299,0.01299,0.01299,0.01299,0.01299,0.01299,0.01299,0.01299,0.01299,0.01299,0.01299,0.01299,0.01299,0.01299,0.01299,0.01299,0.01299,0.01299,0.01299,0.01299,0.01299,0.01299,0.01299
20,0.01265,0.01265,0.01265,0.01265,0.01265,0.01265,0.01265,0.01265,0.01265,0.01265,0.01265,0.01265,0.01265,0.01265,0.01265,0.01265,0.01265,0.01265,0.01265,0.01265,0.01265,0.01265,0.01265,0.01265,0.01265,0.01265,0.01265,0.01265,0.01265,0.01265,0.01265,0.01265,0.01265,0.01265,0.01265,0.01265,0.01265,0.01265,0.01265,0.01265,0.01265,0.01265,0.01265,0.01265,0.01265,0.01265,0.01265,0.01265,0.01265,0.01265,0.01265,0.01265,0.01265,0.01265,0.01265,0.01265,0.01265,0.01265,0.01265,0.01265,0.01265,0.01265,0.01265,0.01265,0.01265
21,0.01232,0.01232,0.01232,0.01232,0.01232,0.01232,0.01232,0.01232,0.01232,0.01232,0.01232,0.01232,0.01232,0.01232,0.01232,0.01232,0.01232,0.01232,0.01232,0.01232,0.01232,0.01232,0.01232,0.01232,0.01232,0.01232,0.01232,0.01232,0.01232,0.01232,0.01232,0.01232,0.01232,0.01232,0.01232,0.01232,0.01232,0.01232,0.01232,0.01232,0.01232,0.01232,0.01232,0.01232,0.01232,0.01232,0.01232,0.01232,0.01232,0.01232,0.01232,0.01232,0.01232,0.01232,0.01232,0.01232,0.01232,0.01232,0.01232,0.01232,0.01232,0.01232,0.01232,0.01232,0.01232
22,0.012,0.012,0.012,0.012,0.012,0.012,0.012,0.012,0.012,0.012,0.012,0.012,0.012,0.012,0.012,0.012,0.012,0.012,0.012,0.012,0.012,0.012,0.012,0.012,0.012,0.012,0.012,0.012,0.012,0.012,0.012,0.012,0.012,0.012,0.012,0.012,0.012,0.012,0.012,0.012,0.012,0.012,0.012,0.012,0.012,0.012,0.012,0.012,0.012,0.012,0.012,0.012,0.012,0.012,0.012,0.012,0.012,0.012,0.012,0.012,0.012,0.012,0.012,0.012,0.012
23,0.01169,0.01169,0.01169,0.01169,0.01169,0.01169,0.01169,0.01169,0.01169,0.01169,0.01169,0.01169,0.01169,0.01169,0.01169,0.01169,0.01169,0.01169,0.01169,0.01169,0.01169,0.01169,0.01169,0.01169,0.01169,0.01169,0.01169,0.01169,0.01169,0.01169,0.01169,0.01169,0.01169,0.01169,0.01169,0.01169,0.01169,0.01169,0.01169,0.01169,0.01169,0.01169,0.01169,0.01169,0.01169,0.01169,0.01169,0.01169,0.01169,0.01169,0.01169,0.01169,0.01169,0.01169,0.01169,0.01169,0.01169,0.01169,0.01169,0.01169,0.01169,0.01169,0.01169,0.01169,0.01169
24,0.01138,0.01138,0.01138,0.01138,0.01138,0.01138,0.01138,0.01138,0.01138,0.01138,0.01138,0.01138,0.01138,0.01138,0.01138,0.01138,0.01138,0.01138,0.01138,0.01138,0.01138,0.01138,0.01138,0.01138,0.01138,0.01138,0.01138,0.01138,0.01138,0.01138,0.01138,0.01138,0.01138,0.01138,0.01138,0.01138,0.01138,0.01138,0.01138,0.01138,0.01138,0.01138,0.01138,0.01138,0.01138,0.01138,0.01138,0.01138,0.01138,0.01138,0.01138,0.01138,0.01138,0.01138,0.01138,0.01138,0.01138,0.01138,0.01138,0.01138,0.01138,0.01138,0.01138,0.01138,0.01138
25,0.01109,0.01109,0.01109,0.01109,0.01109,0.01109,0.01109,0.01109,0.01109,0.01109,0.01109,0.01109,0.01109,0.01109,0.01109,0.01109,0.01109,0.01109,0.01109,0.01109,0.01109,0.01109,0.01109,0.01109,0.01109,0.01109,0.01109,0.01109,0.01109,0.01109,0.01109,0.01109,0.01109,0.01109,0.01109,0.01109,0.01109,0.01109,0.01109,0.01109,0.01109,0.01109,0.01109,0.01109,0.01109,0.01109,0.01109,0.01109,0.01109,0.01109,0.01109,0.01109,0.01109,0.01109,0.01109,0.01109,0.01109,0.01109,0.01109,0.01109,0.01109,0.01109,0.01109,0.01109,0.01109
26,0.0108,0.0108,0.0108,0.0108,0.0108,0.0108,0.0108,0.0108,0.0108,0.0108,0.0108,0.0108,0.0108,0.0108,0.0108,0.0108,0.0108,0.0108,0.0108,0.0108,0.0108,0.0108,0.0108,0.0108,0.0108,0.0108,0.0108,0.0108,0.0108,0.0108,0.0108,0.0108,0.0108,0.0108,0.0108,0.0108,0.0108,0.0108,0.0108,0.0108,0.0108,0.0108,0.0108,0.0108,0.0108,0.0108,0.0108,0.0108,0.0108,0.0108,0.0108,0.0108,0.0108,0.0108,0.0108,0.0108,0.0108,0.0108,0.0108,0.0108,0.0108,0.0108,0.0108,0.0108,0.0108
27,0.01052,0.01052,0.01052,0.01052,0.01052,0.01052,0.01052,0.01052,0.01052,0.01052,0.01052,0.01052,0.01052,0.01052,0.01052,0.01052,0.01052,0.01052,0.01052,0.01052,0.01052,0.01052,0.01052,0.01052,0.01052,0.01052,0.01052,0.01052,0.01052,0.01052,0.01052,0.01052,0.01052,0.01052,0.01052,0.01052,0.01052,0.01052,0.01052,0.01052,0.01052,0.01052,0.01052,0.01052,0.01052,0.01052,0.01052,0.01052,0.01052,0.01052,0.01052,0.01052,0.01052,0.01052,0.01052,0.01052,0.01052,0.01052,0.01052,0.01052,0.01052,0.01052,0.01052,0.01052,0.01052
28,0.01024,0.01024,0.01024,0.01024,0.01024,0.01024,0.01024,0.01024,0.01024,0.01024,0.01024,0.01024,0.01024,0.01024,0.01024,0.01024,0.01024,0.01024,0.01024,0.01024,0.01024,0.01024,0.01024,0.01024,0.01024,0.01024,0.01024,0.01024,0.01024,0.01024,0.01024,0.01024,0.01024,0.01024,0.01024,0.01024,0.01024,0.01024,0.01024,0.01024,0.01024,0.01024,0.01024,0.01024,0.01024,0.01024,0.01024,0.01024,0.01024,0.01024,0.01024,0.01024,0.01024,0.01024,0.01024,0.01024,0.01024,0.01024,0.01024,0.01024,0.01024,0.01024,0.01024,0.01024,0.01024
29,0.00997,0.00997,0.00997,0.00997,0.00997,0.00997,0.00997,0.00997,0.00997,0.00997,0.00997,0.00997,0.00997,0.00997,0.00997,0.00997,0.00997,0.00997,0.00997,0.00997,0.00997,0.00997,0.00997,0.00997,0.00997,0.00997,0.00997,0.00997,0.00997,0.00997,0.00997,0.00997,0.00997,0.00997,0.00997,0.00997,0.00997,0.00997,0.00997,0.00997,0.00997,0.00997,0.00997,0.00997,0.00997,0.00997,0.00997,0.00997,0.00997,0.00997,0.00997,0.00997,0.00997,0.00997,0.00997,0.00997,0.00997,0.00997,0.00997,0.00997,0.00997,0.00997,0.00997,0.00997,0.00997
30,0.00971,0.00971,0.00971,0.00971,0.00971,0.00971,0.00971,0.00971,0.00971,0.00971,0.00971,0.00971,0.00971,0.00971,0.00971,0.00971,0.00971,0.00971,0.00971,0.00971,0.00971,0.00971,0.00971,0.00971,0.00971,0.00971,0.00971,0.00971,0.00971,0.00971,0.00971,0.00971,0.00971,0.00971,0.00971,0.00971,0.00971,0.00971,0.00971,0.00971,0.00971,0.00971,0.00971,0.00971,0.00971,0.00971,0.00971,0.00971,0.00971,0.00971,0.00971,0.00971,0.00971,0.00971,0.00971,0.00971,0.00971,0.00971,0.00971,0.00971,0.00971,0.00971,0.00971,0.00971,0.00971
31,0.00971,0.00971,0.00971,0.00971,0.00971,0.00971,0.00971,0.00971,0.00971,0.00971,0.00971,0.00971,0.00971,0.00971,0.00971,0.00971,0.00971,0.00971,0.00971,0.00971,0.00971,0.00971,0.00971,0.00971,0.00971,0.00971,0.00971,0.00971,0.00971,0.00971,0.00971,0.00971,0.00971,0.00971,0.00971,0.00971,0.00971,0.00971,0.00971,0.00971,0.00971,0.00971,0.00971,0.00971,0.00971,0.00971,0.00971,0.00971,0.00971,0.00971,0.00971,0.00971,0.00971,0.00971,0.00971,0.00971,0.00971,0.00971,0.00971,0.00971,0.00971,0.00971,0.00971,0.00971,0.00971
32,0.00971,0.00971,0.00971,0.00971,0.00971,0.00971,0.00971,0.00971,0.00971,0.00971,0.00971,0.00971,0.00971,0.00971,0.00971,0.00971,0.00971,0.00971,0.00971,0.00971,0.00971,0.00971,0.00971,0.00971,0.00971,0.00971,0.00971,0.00971,0.00971,0.00971,0.00971,0.00971,0.00971,0.00971,0.00971,0.00971,0.00971,0.00971,0.00971,0.00971,0.00971,0.00971,0.00971,0.00971,0.00971,0.00971,0.00971,0.00971,0.00971,0.00971,0.00971,0.00971,0.00971,0.00971,0.00971,0.00971,0.00971,0.00971,0.00971,0.00971,0.00971,0.00971,0.00971,0.00971,0.00971
33,0.00971,0.00971,0.00971,0.00971,0.00971,0.00971,0.00971,0.00971,0.00971,0.00971,0.00971,0.00971,0.00971,0.00971,0.00971,0.00971,0.00971,0.00971,0.00971,0.00971,0.00971,0.00971,0.00971,0.00971,0.00971,0.00971,0.00971,0.00971,0.00971,0.00971,0.00971,0.00971,0.00971,0.00971,0.00971,0.00971,0.00971,0.00971,0.00971,0.00971,0.00971,0.00971,0.00971,0.00971,0.00971,0.00971,0.00971,0.00971,0.00971,0.00971,0.00971,0.00971,0.00971,0.00971,0.00971,0.00971,0.00971,0.00971,0.00971,0.00971,0.00971,0.00971,0.00971,0.00971,0.00971
34,0.00971,0.00971,0.00971,0.00971,0.00971,0.00971,0.00971,0.00971,0.00971,0.00971,0.00971,0.00971,0.00971,0.00971,0.00971,0.00971,0.00971,0.00971,0.00971,0.00971,0.00971,0.00971,0.00971,0.00971,0.00971,0.00971,0.00971,0.00971,0.00971,0.00971,0.00971,0.00971,0.00971,0.00971,0.00971,0.00971,0.00971,0.00971,0.00971,0.00971,0.00971,0.00971,0.00971,0.00971,0.00971,0.00971,0.00971,0.00971,0.00971,0.00971,0.00971,0.00971,0.00971,0.00971,0.00971,0.00971,0.00971,0.00971,0.00971,0.00971,0.00971,0.00971,0.00971,0.00971,0.00971
35,0.00971,0.00971,0.00971,0.00971,0.00971,0.00971,0.00971,0.00971,0.00971,0.00971,0.00971,0.00971,0.00971,0.00971,0.00971,0.00971,0.00971,0.00971,0.00971,0.00971,0.00971,0.00971,0.00971,0.00971,0.00971,0.00971,0.00971,0.00971,0.00971,0.00971,0.00971,0.00971,0.00971,0.00971,0.00971,0.00971,0.00971,0.00971,0.00971,0.00971,0.00971,0.00971,0.00971,0.00971,0.00971,0.00971,0.00971,0.00971,0.00971,0.00971,0.00971,0.00971,0.00971,0.00971,0.00971,0.00971,0.00971,0.00971,0.00971,0.00971,0.00971,0.00971,0.00971,0.00971,0.00971
36,0.00971,0.00971,0.00971,0.00971,0.00971,0.00971,0.00971,0.00971,0.00971,0.00971,0.00971,0.00971,0.00971,0.00971,0.00971,0.00971,0.00971,0.00971,0.00971,0.00971,0.00971,0.00971,0.00971,0.00971,0.00971,0.00971,0.00971,0.00971,0.00971,0.00971,0.00971,0.00971,0.00971,0.00971,0.00971,0.00971,0.00971,0.00971,0.00971,0.00971,0.00971,0.00971,0.00971,0.00971,0.00971,0.00971,0.00971,0.00971,0.00971,0.00971,0.00971,0.00971,0.00971,0.00971,0.00971,0.00971,0.00971,0.00971,0.00971,0.00971,0.00971,0.00971,0.00971,0.00971,0.00971
37,0.00971,0.00971,0.00971,0.00971,0.00971,0.00971,0.00971,0.00971,0.00971,0.00971,0.00971,0.00971,0.00971,0.00971,0.00971,0.00971,0.00971,0.00971,0.00971,0.00971,0.00971,0.00971,0.00971,0.00971,0.00971,0.00971,0.00971,0.00971,0.00971,0.00971,0.00971,0.00971,0.00971,0.00971,0.00971,0.00971,0.00971,0.00971,0.00971,0.00971,0.00971,0.00971,0.00971,0.00971,0.00971,0.00971,0.00971,0.00971,0.00971,0.00971,0.00971,0.00971,0.00971,0.00971,0.00971,0.00971,0.00971,0.00971,0.00971,0.00971,0.00971,0.00971,0.00971,0.00971,0.00971
38,0.00971,0.00971,0.00971,0.00971,0.00971,0.00971,0.00971,0.00971,0.00971,0.00971,0.00971,0.00971,0.00971,0.00971,0.00971,0.00971,0.00971,0.00971,0.00971,0.00971,0.00971,0.00971,0.00971,0.00971,0.00971,0.00971,0.00971,0.00971,0.00971,0.00971,0.00971,0.00971,0.00971,0.00971,0.00971,0.00971,0.00971,0.00971,0.00971,0.00971,0.00971,0.00971,0.00971,0.00971,0.00971,0.00971,0.00971,0.00971,0.00971,0.00971,0.00971,0.00971,0.00971,0.00971,0.00971,0.00971,0.00971,0.00971,0.00971,0.00971,0.00971,0.00971,0.00971,0.00971,0.00971
39,0.00971,0.00971,0.00971,0.00971,0.00971,0.00971,0.00971,0.00971,0.00971,0.00971,0.00971,0.00971,0.00971,0.00971,0.00971,0.00971,0.00971,0.00971,0.00971,0.00971,0.00971,0.00971,0.00971,0.00971,0.00971,0.00971,0.00971,0.00971,0.00971,0.00971,0.00971,0.00971,0.00971,0.00971,0.00971,0.00971,0.00971,0.00971,0.00971,0.00971,0.00971,0.00971,0.00971,0.00971,0.00971,0.00971,0.00971,0.00971,0.00971,0.00971,0.00971,0.00971,0.00971,0.00971,0.00971,0.00971,0.00971,0.00971,0.00971,0.00971,0.00971,0.00971,0.00971,0.00971,0.00971
40,0.00971,0.00971,0.00971,0.00971,0.00971,0.00971,0.00971,0.00971,0.00971,0.00971,0.00971,0.00971,0.00971,0.00971,0.00971,0.00971,0.00971,0.00971,0.00971,0.00971,0.00971,0.00971,0.00971,0.00971,0.00971,0.00971,0.00971,0.00971,0.00971,0.00971,0.00971,0.00971,0.00971,0.00971,0.00971,0.00971,0.00971,0.00971,0.00971,0.00971,0.00971,0.00971,0.00971,0.00971,0.00971,0.00971,0.00971,0.00971,0.00971,0.00971,0.00971,0.00971,0.00971,0.00971,0.00971,0.00971,0.00971,0.00971,0.00971,0.00971,0.00971,0.00971,0.00971,0.00971,0.00971
41,0.00971,0.00971,0.00971,0.00971,0.00971,0.00971,0.00971,0.00971,0.00971,0.00971,0.00971,0.00971,0.00971,0.00971,0.00971,0.00971,0.00971,0.00971,0.00971,0.00971,0.00971,0.00971,0.00971,0.00971,0.00971,0.00971,0.00971,0.00971,0.00971,0.00971,0.00971,0.00971,0.00971,0.00971,0.00971,0.00971,0.00971,0.00971,0.00971,0.00971,0.00971,0.00971,0.00971,0.00971,0.00971,0.00971,0.00971,0.00971,0.00971,0.00971,0.00971,0.00971,0.00971,0.00971,0.00971,0.00971,0.00971,0.00971,0.00971,0.00971,0.00971,0.00971,0.00971,0.00971,0.00971
42,0.00971,0.00971,0.00971,0.00971,0.00971,0.00971,0.00971,0.00971,0.00971,0.00971,0.00971,0.00971,0.00971,0.00971,0.00971,0.00971,0.00971,0.00971,0.00971,0.00971,0.00971,0.00971,0.00971,0.00971,0.00971,0.00971,0.00971,0.00971,0.00971,0.00971,0.00971,0.00971,0.00971,0.00971,0.00971,0.00971,0.00971,0.00971,0.00971,0.00971,0.00971,0.00971,0.00971,0.00971,0.00971,0.00971,0.00971,0.00971,0.00971,0.00971,0.00971,0.00971,0.00971,0.00971,0.00971,0.00971,0.00971,0.00971,0.00971,0.00971,0.00971,0.00971,0.00971,0.00971,0.00971
43,0.00971,0.00971,0.00971,0.00971,0.00971,0.00971,0.00971,0.00971,0.00971,0.00971,0.00971,0.00971,0.00971,0.00971,0.00971,0.00971,0.00971,0.00971,0.00971,0.00971,0.00971,0.00971,0.00971,0.00971,0.00971,0.00971,0.00971,0.00971,0.00971,0.00971,0.00971,0.00971,0.00971,0.00971,0.00971,0.00971,0.00971,0.00971,0.00971,0.00971,0.00971,0.00971,0.00971,0.00971,0.00971,0.00971,0.00971,0.00971,0.00971,0.00971,0.00971,0.00971,0.00971,0.00971,0.00971,0.00971,0.00971,0.00971,0.00971,0.00971,0.00971,0.00971,0.00971,0.00971,0.00971
44,0.00971,0.00971,0.00971,0.00971,0.00971,0.00971,0.00971,0.00971,0.00971,0.00971,0.00971,0.00971,0.00971,0.00971,0.00971,0.00971,0.00971,0.00971,0.00971,0.00971,0.00971,0.00971,0.00971,0.00971,0.00971,0.00971,0.00971,0.00971,0.00971,0.00971,0.00971,0.00971,0.00971,0.00971,0.00971,0.00971,0.00971,0.00971,0.00971,0.00971,0.00971,0.00971,0.00971,0.00971,0.00971,0.00971,0.00971,0.00971,0.00971,0.00971,0.00971,0.00971,0.00971,0.00971,0.00971,0.00971,0.00971,0.00971,0.00971,0.00971,0.00971,0.00971,0.00971,0.00971,0.00971
45,0.00971,0.00971,0.00971,0.00971,0.00971,0.00971,0.00971,0.00971,0.00971,0.00971,0.00971,0.00971,0.00971,0.00971,0.00971,0.00971,0.00971,0.00971,0.00971,0.00971,0.00971,0.00971,0.00971,0.00971,0.00971,0.00971,0.00971,0.00971,0.00971,0.00971,0.00971,0.00971,0.00971,0.00971,0.00971,0.00971,0.00971,0.00971,0.00971,0.00971,0.00971,0.00971,0.00971,0.00971,0.00971,0.00971,0.00971,0.00971,0.00971,0.00971,0.00971,0.00971,0.00971,0.00971,0.00971,0.00971,0.00971,0.00971,0.00971,0.00971,0.00971,0.00971,0.00971,0.00971,0.00971
46,0.00971,0.00971,0.00971,0.00971,0.00971,0.00971,0.00971,0.00971,0.00971,0.00971,0.00971,0.00971,0.00971,0.00971,0.00971,0.00971,0.00971,0.00971,0.00971,0.00971,0.00971,0.00971,0.00971,0.00971,0.00971,0.00971,0.00971,0.00971,0.00971,0.00971,0.00971,0.00971,0.00971,0.00971,0.00971,0.00971,0.00971,0.00971,0.00971,0.00971,0.00971,0.00971,0.00971,0.00971,0.00971,0.00971,0.00971,0.00971,0.00971,0.00971,0.00971,0.00971,0.00971,0.00971,0.00971,0.00971,0.00971,0.00971,0.00971,0.00971,0.00971,0.00971,0.00971,0.00971,0.00971
47,0.00971,0.00971,0.00971,0.00971,0.00971,0.00971,0.00971,0.00971,0.00971,0.00971,0.00971,0.00971,0.00971,0.00971,0.00971,0.00971,0.00971,0.00971,0.00971,0.00971,0.00971,0.00971,0.00971,0.00971,0.00971,0.00971,0.00971,0.00971,0.00971,0.00971,0.00971,0.00971,0.00971,0.00971,0.00971,0.00971,0.00971,0.00971,0.00971,0.00971,0.00971,0.00971,0.00971,0.00971,0.00971,0.00971,0.00971,0.00971,0.00971,0.00971,0.00971,0.00971,0.00971,0.00971,0.00971,0.00971,0.00971,0.00971,0.00971,0.00971,0.00971,0.00971,0.00971,0.00971,0.00971
48,0.00971,0.00971,0.00971,0.00971,0.00971,0.00971,0.00971,0.00971,0.00971,0.00971,0.00971,0.00971,0.00971,0.00971,0.00971,0.00971,0.00971,0.00971,0.00971,0.00971,0.00971,0.00971,0.00971,0.00971,0.00971,0.00971,0.00971,0.00971,0.00971,0.00971,0.00971,0.00971,0.00971,0.00971,0.00971,0.00971,0.00971,0.00971,0.00971,0.00971,0.00971,0.00971,0.00971,0.00971,0.00971,0.00971,0.00971,0.00971,0.00971,0.00971,0.00971,0.00971,0.00971,0.00971,0.00971,0.00971,0.00971,0.00971,0.00971,0.00971,0.00971,0.00971,0.00971,0.00971,0.00971
49,0.00971,0.00971,0.00971,0.00971,0.00971,0.00971,0.00971,0.00971,0.00971,0.00971,0.00971,0.00971,0.00971,0.00971,0.00971,0.00971,0.00971,0.00971,0.00971,0.00971,0.00971,0.00971,0.00971,0.00971,0.00971,0.00971,0.00971,0.00971,0.00971,0.00971,0.00971,0.00971,0.00971,0.00971,0.00971,0.00971,0.00971,0.00971,0.00971,0.00971,0.00971,0.00971,0.00971,0.00971,0.00971,0.00971,0.00971,0.00971,0.00971,0.00971,0.00971,0.00971,0.00971,0.00971,0.00971,0.00971,0.00971,0.00971,0.00971,0.00971,0.00971,0.00971,0.00971,0.00971,0.00971
50,0.00971,0.00971,0.00971,0.00971,0.00971,0.00971,0.00971,0.00971,0.00971,0.00971,0.00971,0.00971,0.00971,0.00971,0.00971,0.00971,0.00971,0.00971,0.00971,0.00971,0.00971,0.00971,0.00971,0.00971,0.00971,0.00971,0.00971,0.00971,0.00971,0.00971,0.00971,0.00971,0.00971,0.00971,0.00971,0.00971,0.00971,0.00971,0.00971,0.00971,0.00971,0.00971,0.00971,0.00971,0.00971,0.00971,0.00971,0.00971,0.00971,0.00971,0.00971,0.00971,0.00971,0.00971,0.00971,0.00971,0.00971,0.00971,0.00971,0.00971,0.00971,0.00971,0.00971,0.00971,0.00971
